2026-04-21_10-39-36,0,draft.go:2026-04-21_10-39-36
2026-04-21_10-39-57,0,draft.go:2026-04-21_10-39-57
2026-04-21_10-40-08,0,draft.go:2026-04-21_10-40-08
2026-04-21_10-40-34,0,draft.go:2026-04-21_10-40-34
2026-04-21_10-41-27,0,draft.go:2026-04-21_10-41-27
2026-04-21_10-42-31,0,draft.go:2026-04-21_10-42-31
2026-04-21_10-44-45,0,draft.go:2026-04-21_10-44-45
2026-04-21_10-45-25,0,draft.go:2026-04-21_10-45-25
2026-04-21_10-46-38,0,draft.go:2026-04-21_10-46-38
2026-04-21_10-46-46,100,draft.go:2026-04-21_10-46-46
2026-04-21_10-49-52,100,draft.go:2026-04-21_10-46-46
2026-04-21_10-49-54,100,draft.go:2026-04-21_10-46-46
2026-04-21_10-49-54,100,draft.go:2026-04-21_10-46-46
2026-04-21_10-49-54,100,draft.go:2026-04-21_10-46-46
2026-04-21_10-49-55,100,draft.go:2026-04-21_10-46-46
2026-04-21_10-49-55,100,draft.go:2026-04-21_10-46-46
2026-04-21_10-49-55,100,draft.go:2026-04-21_10-46-46
2026-04-21_10-49-56,100,draft.go:2026-04-21_10-46-46
2026-04-21_10-49-56,100,draft.go:2026-04-21_10-46-46
2026-04-21_10-49-56,100,draft.go:2026-04-21_10-46-46
2026-04-21_10-49-57,100,draft.go:2026-04-21_10-46-46
2026-04-26_11-52-25,100,draft.go:2026-04-21_10-46-46
2026-04-26_11-52-25,100,draft.go:2026-04-21_10-46-46
