2026-04-06_15-53-24,---,main.go:2026-04-06_15-53-24;pen.go:2026-04-06_15-53-24
2026-04-06_15-55-56,---,main.go:2026-04-06_15-53-24;pen.go:2026-04-06_15-53-24
2026-04-06_15-57-48,---,main.go:2026-04-06_15-53-24;pen.go:2026-04-06_15-53-24
2026-04-06_16-12-55,---,main.go:2026-04-06_15-53-24;pen.go:2026-04-06_15-53-24
2026-04-06_16-13-12,---,main.go:2026-04-06_15-53-24;pen.go:2026-04-06_15-53-24
2026-05-04_15-56-39,---,lista.go:2026-05-04_15-56-39;main.go:2026-05-04_15-56-39
2026-05-04_15-57-13,---,lista.go:2026-05-04_15-56-39;main.go:2026-05-04_15-56-39
2026-05-04_16-00-33,---,lista.go:2026-05-04_15-56-39;main.go:2026-05-04_15-56-39
2026-05-04_16-00-57,---,lista.go:2026-05-04_15-56-39;main.go:2026-05-04_15-56-39
2026-05-04_16-07-03,---,lista.go:2026-05-04_15-56-39;main.go:2026-05-04_15-56-39
