2026-07-07_21-10-23,0,main.go:2026-07-07_21-10-23;queue.go:2026-07-07_21-10-23
2026-07-07_21-14-43,0,main.go:2026-07-07_21-14-43;queue.go:2026-07-07_21-10-23
2026-07-07_21-16-00,0,main.go:2026-07-07_21-16-00;queue.go:2026-07-07_21-10-23
2026-07-07_21-17-02,0,main.go:2026-07-07_21-17-02;queue.go:2026-07-07_21-10-23
2026-07-07_21-18-07,100,main.go:2026-07-07_21-18-07;queue.go:2026-07-07_21-10-23
2026-07-07_21-18-08,100,main.go:2026-07-07_21-18-07;queue.go:2026-07-07_21-10-23
2026-07-07_21-18-08,100,main.go:2026-07-07_21-18-07;queue.go:2026-07-07_21-10-23
2026-07-07_21-18-09,100,main.go:2026-07-07_21-18-07;queue.go:2026-07-07_21-10-23
2026-07-07_21-18-09,100,main.go:2026-07-07_21-18-07;queue.go:2026-07-07_21-10-23
2026-07-07_21-18-09,100,main.go:2026-07-07_21-18-07;queue.go:2026-07-07_21-10-23
2026-07-07_21-18-10,100,main.go:2026-07-07_21-18-07;queue.go:2026-07-07_21-10-23
2026-07-07_21-18-10,100,main.go:2026-07-07_21-18-07;queue.go:2026-07-07_21-10-23
2026-07-07_21-18-10,100,main.go:2026-07-07_21-18-07;queue.go:2026-07-07_21-10-23
2026-07-07_21-18-11,100,main.go:2026-07-07_21-18-07;queue.go:2026-07-07_21-10-23
2026-07-07_21-18-11,100,main.go:2026-07-07_21-18-07;queue.go:2026-07-07_21-10-23
2026-07-07_21-18-12,100,main.go:2026-07-07_21-18-07;queue.go:2026-07-07_21-10-23
2026-07-07_21-18-12,100,main.go:2026-07-07_21-18-07;queue.go:2026-07-07_21-10-23
2026-07-07_21-18-23,100,main.go:2026-07-07_21-18-07;queue.go:2026-07-07_21-10-23
